Time,Temp,Humidity,RawGas,CorrectedGas,AQI,PredictedAQI,AQI_prev1,AQI_prev2,delta_AQI,delta2_AQI
1805,29.6,76.0,496,387.5,156,157,155.0,155.0,1.0,1.0
1807,29.5,76.0,496,388.1,157,153,156.0,155.0,1.0,0.0
1809,29.5,76.0,490,383.4,153,152,157.0,156.0,-4.0,-5.0
1811,29.5,76.0,488,381.8,152,153,153.0,157.0,-1.0,3.0
1813,29.5,76.0,490,383.4,153,155,152.0,153.0,1.0,2.0
1815,29.5,76.0,493,385.8,155,157,153.0,152.0,2.0,1.0
1817,29.5,76.0,497,388.9,157,157,155.0,153.0,2.0,0.0
1819,29.5,76.0,497,388.9,157,156,157.0,155.0,0.0,-2.0
1821,29.5,76.0,495,387.3,156,156,157.0,157.0,-1.0,-1.0
1823,29.5,76.0,495,387.3,156,156,156.0,157.0,0.0,1.0
1825,29.5,76.0,495,387.3,156,154,156.0,156.0,0.0,0.0
1827,29.5,76.0,492,385.0,154,155,156.0,156.0,-2.0,-2.0
1829,29.6,76.0,494,385.9,155,158,154.0,156.0,1.0,3.0
1831,29.6,76.0,498,389.1,158,159,155.0,154.0,3.0,2.0
1833,29.6,76.0,501,391.4,159,159,158.0,155.0,1.0,-2.0
1835,29.6,75.9,500,390.9,159,161,159.0,158.0,0.0,-1.0
1837,29.6,75.9,503,393.2,161,162,159.0,159.0,2.0,2.0
1839,29.6,75.8,505,395.0,162,162,161.0,159.0,1.0,-1.0
1841,29.6,75.8,504,394.2,162,162,162.0,161.0,0.0,-1.0
1843,29.6,75.8,504,394.2,162,162,162.0,162.0,0.0,0.0
1845,29.6,75.7,504,394.5,162,163,162.0,162.0,0.0,0.0
1847,29.5,75.7,504,395.1,163,163,162.0,162.0,1.0,1.0
1849,29.5,75.7,504,395.1,163,163,163.0,162.0,0.0,-1.0
1851,29.5,75.6,504,395.4,163,163,163.0,163.0,0.0,0.0
1853,29.5,75.5,504,395.6,163,161,163.0,163.0,0.0,0.0
1855,29.6,75.5,501,392.6,161,161,163.0,163.0,-2.0,-2.0
1857,29.6,75.5,502,393.4,161,162,161.0,163.0,0.0,2.0
1859,29.6,75.5,503,394.2,162,162,161.0,161.0,1.0,1.0
1861,29.6,75.5,503,394.2,162,162,162.0,161.0,0.0,-1.0
1863,29.6,75.5,503,394.2,162,161,162.0,162.0,0.0,0.0
1865,29.6,75.5,502,393.4,161,162,162.0,162.0,-1.0,-1.0
1867,29.6,75.5,503,394.2,162,164,161.0,162.0,1.0,2.0
1869,29.6,75.5,507,397.3,164,162,162.0,161.0,2.0,1.0
1871,29.6,75.5,503,394.2,162,159,164.0,162.0,-2.0,-4.0
1873,29.6,75.4,499,391.3,159,154,162.0,164.0,-3.0,-1.0
1875,29.6,75.4,491,385.0,154,148,159.0,162.0,-5.0,-2.0
1877,29.6,75.3,482,378.2,148,146,154.0,159.0,-6.0,-1.0
1879,29.5,75.3,478,375.7,146,141,148.0,154.0,-2.0,4.0
1881,29.5,75.3,469,368.6,141,139,146.0,148.0,-5.0,-3.0
1883,29.5,75.2,467,367.3,139,136,141.0,146.0,-2.0,3.0
1885,29.5,75.2,462,363.3,136,133,139.0,141.0,-3.0,-1.0
1887,29.5,75.2,457,359.4,133,129,136.0,139.0,-3.0,0.0
1889,29.6,75.2,452,354.9,129,126,133.0,136.0,-4.0,-1.0
1891,29.6,75.1,447,351.2,126,121,129.0,133.0,-3.0,1.0
1893,29.6,75.1,439,344.9,121,117,126.0,129.0,-5.0,-2.0
1895,29.6,75.0,433,340.4,117,115,121.0,126.0,-4.0,1.0
1897,29.6,75.0,430,338.1,115,114,117.0,121.0,-2.0,2.0
1899,29.5,74.9,428,337.2,114,114,115.0,117.0,-1.0,1.0
1901,29.5,74.9,427,336.4,114,109,114.0,115.0,0.0,1.0
1903,29.5,74.9,420,330.9,109,109,114.0,114.0,-5.0,-5.0
1905,29.5,74.9,420,330.9,109,108,109.0,114.0,0.0,5.0
1907,29.5,74.9,418,329.3,108,104,109.0,109.0,-1.0,-1.0
1909,29.4,74.9,412,325.1,104,103,108.0,109.0,-4.0,-3.0
1911,29.4,74.9,410,323.5,103,99,104.0,108.0,-1.0,3.0
1913,29.4,74.9,404,318.8,99,97,103.0,104.0,-4.0,-3.0
1915,29.4,74.8,400,315.9,97,95,99.0,103.0,-2.0,2.0
1917,29.4,74.8,397,313.5,95,93,97.0,99.0,-2.0,0.0
1919,29.4,74.8,395,311.9,93,93,95.0,97.0,-2.0,0.0
1921,29.4,74.8,395,311.9,93,93,93.0,95.0,0.0,2.0
1923,29.4,74.8,395,311.9,93,91,93.0,93.0,0.0,0.0
1925,29.4,74.8,392,309.5,91,88,93.0,93.0,-2.0,-2.0
1927,29.4,74.7,386,305.0,88,86,91.0,93.0,-3.0,-1.0
1929,29.4,74.7,384,303.4,86,84,88.0,91.0,-2.0,1.0
1931,29.4,74.7,380,300.3,84,81,86.0,88.0,-2.0,0.0
1933,29.4,74.6,376,297.3,81,79,84.0,86.0,-3.0,-1.0
1935,29.4,74.6,373,294.9,79,77,81.0,84.0,-2.0,1.0
1937,29.5,74.6,371,292.9,77,78,79.0,81.0,-2.0,0.0
1939,29.5,74.5,371,293.0,78,82,77.0,79.0,1.0,3.0
1941,29.4,74.5,377,298.3,82,88,78.0,77.0,4.0,3.0
1943,29.4,74.5,387,306.2,88,97,82.0,78.0,6.0,2.0
1945,29.4,74.4,399,315.9,97,102,88.0,82.0,9.0,3.0
1947,29.3,74.4,406,321.9,102,107,97.0,88.0,5.0,-4.0
1949,29.3,74.3,414,328.5,107,112,102.0,97.0,5.0,0.0
1951,29.3,74.3,421,334.0,112,116,107.0,102.0,5.0,0.0
1953,29.3,74.3,428,339.6,116,118,112.0,107.0,4.0,-1.0
1955,29.3,74.2,431,342.2,118,121,116.0,112.0,2.0,-2.0
1957,29.3,74.2,434,344.6,121,121,118.0,116.0,3.0,1.0
1959,29.3,74.2,434,344.6,121,124,121.0,118.0,0.0,-3.0
1961,29.3,74.2,439,348.5,124,128,121.0,121.0,3.0,3.0
1963,29.3,74.2,446,354.1,128,129,124.0,121.0,4.0,1.0
1965,29.3,74.1,446,354.3,129,131,128.0,124.0,1.0,-3.0
1967,29.3,74.1,449,356.7,131,131,129.0,128.0,2.0,1.0
1969,29.3,74.1,449,356.7,131,131,131.0,129.0,0.0,-2.0
1971,29.3,74.1,449,356.7,131,131,131.0,131.0,0.0,0.0
1973,29.3,74.1,450,357.5,131,134,131.0,131.0,0.0,0.0
1975,29.3,74.1,454,360.7,134,135,131.0,131.0,3.0,3.0
1977,29.3,74.1,455,361.5,135,138,134.0,131.0,1.0,-2.0
1979,29.3,74.1,460,365.4,138,141,135.0,134.0,3.0,2.0
1981,29.3,74.0,465,369.6,141,143,138.0,135.0,3.0,0.0
1983,29.3,74.0,467,371.2,143,143,141.0,138.0,2.0,-1.0
1985,29.3,73.9,467,371.5,143,143,143.0,141.0,0.0,-2.0
1987,29.3,73.9,467,371.5,143,143,143.0,143.0,0.0,0.0
1989,29.3,73.9,467,371.5,143,143,143.0,143.0,0.0,0.0
1991,29.3,73.9,467,371.5,143,145,143.0,143.0,0.0,0.0
1993,29.4,73.8,471,374.3,145,147,143.0,143.0,2.0,2.0
1995,29.4,73.8,473,375.9,147,145,145.0,143.0,2.0,0.0
1997,29.4,73.8,470,373.5,145,145,147.0,145.0,-2.0,-4.0
1999,29.4,73.8,470,373.5,145,146,145.0,147.0,0.0,2.0
2001,29.4,73.7,472,375.3,146,147,145.0,145.0,1.0,1.0
2003,29.4,73.7,474,376.9,147,148,146.0,145.0,1.0,0.0
2005,29.5,73.7,476,377.9,148,149,147.0,146.0,1.0,0.0
2007,29.4,73.7,477,379.3,149,149,148.0,147.0,1.0,0.0
2009,29.4,73.7,477,379.3,149,148,149.0,148.0,0.0,-1.0
2011,29.3,73.7,474,377.5,148,150,149.0,149.0,-1.0,-1.0
2013,29.3,73.7,477,379.9,150,150,148.0,149.0,2.0,3.0
2015,29.4,73.7,478,380.1,150,150,150.0,148.0,0.0,-2.0
2017,29.4,73.7,478,380.1,150,151,150.0,150.0,0.0,0.0
2019,29.4,73.7,480,381.7,151,169,150.0,150.0,1.0,1.0
2021,29.4,73.7,507,403.1,169,189,151.0,150.0,18.0,17.0
2023,29.4,73.7,537,427.0,189,204,169.0,151.0,20.0,2.0
2025,29.4,73.7,559,444.5,204,220,189.0,169.0,15.0,-5.0
2027,29.4,73.7,584,464.4,220,232,204.0,189.0,16.0,1.0
2029,29.4,73.7,601,477.9,232,244,220.0,204.0,12.0,-4.0
2031,29.5,73.7,620,492.2,244,253,232.0,220.0,12.0,0.0
2033,29.5,73.7,634,503.3,253,263,244.0,232.0,9.0,-3.0
2035,29.5,73.7,649,515.2,263,268,253.0,244.0,10.0,1.0
2037,29.5,73.8,658,522.1,268,277,263.0,253.0,5.0,-5.0
2039,29.5,73.8,671,532.4,277,283,268.0,263.0,9.0,4.0
2041,29.6,73.9,682,539.9,283,289,277.0,268.0,6.0,-3.0
2043,29.6,73.9,691,547.0,289,294,283.0,277.0,6.0,0.0
2045,29.6,74.0,698,552.2,294,295,289.0,283.0,5.0,-1.0
2047,29.6,74.0,700,553.8,295,299,294.0,289.0,1.0,-4.0
2049,29.6,74.0,706,558.5,299,301,295.0,294.0,4.0,3.0
2051,29.7,74.0,711,561.6,301,304,299.0,295.0,2.0,-2.0
2053,29.7,74.1,716,565.2,304,305,301.0,299.0,3.0,1.0
2055,29.8,74.2,718,565.5,305,308,304.0,301.0,1.0,-2.0
2057,29.8,74.3,723,569.1,308,310,305.0,304.0,3.0,2.0
2059,29.8,74.3,727,572.3,310,312,308.0,305.0,2.0,-1.0
2061,29.7,74.3,729,574.7,312,316,310.0,308.0,2.0,0.0
2063,29.7,74.3,734,578.7,316,318,312.0,310.0,4.0,2.0
2065,29.8,74.3,739,581.7,318,319,316.0,312.0,2.0,-2.0
2067,29.8,74.4,741,582.9,319,320,318.0,316.0,1.0,-1.0
2069,29.8,74.4,742,583.7,320,319,319.0,318.0,1.0,0.0
2071,29.8,74.5,742,583.3,319,322,320.0,319.0,-1.0,-2.0
2073,29.8,74.6,747,586.9,322,326,319.0,320.0,3.0,4.0
2075,29.8,74.6,752,590.8,326,325,322.0,319.0,4.0,1.0
2077,29.8,74.7,752,590.5,325,325,326.0,322.0,-1.0,-5.0
2079,29.8,74.7,752,590.5,325,327,325.0,326.0,0.0,1.0
2081,29.9,74.7,755,591.9,327,327,325.0,325.0,2.0,2.0
2083,29.9,74.7,756,592.7,327,326,327.0,325.0,0.0,-2.0
2085,29.9,74.7,754,591.1,326,325,327.0,327.0,-1.0,-1.0
2087,29.9,74.7,752,589.5,325,327,326.0,327.0,-1.0,0.0
2089,30.0,74.7,757,592.5,327,327,325.0,326.0,2.0,3.0
2091,30.0,74.8,757,592.1,327,324,327.0,325.0,0.0,-2.0
2093,30.0,74.8,753,589.0,324,326,327.0,327.0,-3.0,-3.0
2095,30.0,74.8,755,590.6,326,327,324.0,327.0,2.0,5.0
2097,30.0,74.8,757,592.1,327,325,326.0,324.0,1.0,-1.0
2099,30.0,74.8,754,589.8,325,319,327.0,326.0,-2.0,-3.0
2101,30.0,74.9,746,583.2,319,314,325.0,327.0,-6.0,-4.0
2103,30.0,74.9,738,576.9,314,311,319.0,325.0,-5.0,1.0
2105,30.0,75.0,734,573.4,311,307,314.0,319.0,-3.0,2.0
2107,30.0,75.0,728,568.8,307,304,311.0,314.0,-4.0,-1.0
2109,30.0,75.1,724,565.3,304,301,307.0,311.0,-3.0,1.0
2111,30.1,75.2,720,560.9,301,299,304.0,307.0,-3.0,0.0
2113,30.0,75.2,716,558.7,299,295,301.0,304.0,-2.0,1.0
2115,30.0,75.3,710,553.6,295,292,299.0,301.0,-4.0,-2.0
2117,30.0,75.3,706,550.5,292,287,295.0,299.0,-3.0,1.0
2119,30.0,75.4,699,544.7,287,282,292.0,295.0,-5.0,-2.0
2121,30.0,75.4,691,538.5,282,278,287.0,292.0,-5.0,0.0
2123,30.0,75.4,685,533.8,278,272,282.0,287.0,-4.0,1.0
2125,30.0,75.4,676,526.8,272,268,278.0,282.0,-6.0,-2.0
2127,30.0,75.4,669,521.4,268,265,272.0,278.0,-4.0,2.0
2129,30.0,75.5,665,517.9,265,264,268.0,272.0,-3.0,1.0
2131,30.1,75.5,665,517.1,264,266,265.0,268.0,-1.0,2.0
2133,30.1,75.5,667,518.7,266,263,264.0,265.0,2.0,3.0
2135,30.1,75.6,664,516.0,263,262,266.0,264.0,-3.0,-5.0
2137,30.1,75.6,662,514.5,262,260,263.0,266.0,-1.0,2.0
2139,30.2,75.7,660,511.8,260,260,262.0,263.0,-2.0,-1.0
2141,30.2,75.7,660,511.8,260,257,260.0,262.0,0.0,2.0
2143,30.2,75.8,656,508.4,257,257,260.0,260.0,-3.0,-3.0
2145,30.2,75.9,656,508.1,257,253,257.0,260.0,0.0,3.0
2147,30.2,75.9,650,503.4,253,250,257.0,257.0,-4.0,-4.0
2149,30.2,75.9,645,499.5,250,247,253.0,257.0,-3.0,1.0
2151,30.2,75.9,641,496.4,247,246,250.0,253.0,-3.0,0.0
2153,30.2,76.0,639,494.6,246,244,247.0,250.0,-1.0,2.0
2155,30.2,76.0,636,492.3,244,242,246.0,247.0,-2.0,-1.0
2157,30.2,76.0,634,490.7,242,242,244.0,246.0,-2.0,0.0
2159,30.2,76.0,633,489.9,242,240,242.0,244.0,0.0,2.0
2161,30.2,76.1,631,488.1,240,239,242.0,242.0,-2.0,-2.0
2163,30.3,76.1,631,487.3,239,237,240.0,242.0,-1.0,1.0
2165,30.3,76.2,628,484.7,237,236,239.0,240.0,-2.0,-1.0
2167,30.2,76.2,625,483.1,236,236,237.0,239.0,-1.0,1.0
2169,30.2,76.3,625,482.8,236,232,236.0,237.0,0.0,1.0
2171,30.2,76.3,620,479.0,232,234,236.0,236.0,-4.0,-4.0
2173,30.3,76.4,624,481.0,234,231,232.0,236.0,2.0,6.0
2175,30.3,76.4,619,477.2,231,231,234.0,232.0,-3.0,-5.0
2177,30.3,76.4,619,477.2,231,227,231.0,234.0,0.0,3.0
2179,30.2,76.4,612,472.5,227,225,231.0,231.0,-4.0,-4.0
2181,30.3,76.4,610,470.2,225,224,227.0,231.0,-2.0,2.0
2183,30.3,76.5,608,468.4,224,225,225.0,227.0,-1.0,1.0
2185,30.4,76.5,611,470.0,225,225,224.0,225.0,1.0,2.0
2187,30.3,76.6,611,470.4,225,225,225.0,224.0,0.0,-1.0
2189,30.3,76.6,610,469.7,225,223,225.0,225.0,0.0,0.0
2191,30.3,76.6,608,468.1,223,223,225.0,225.0,-2.0,-2.0
2193,30.3,76.6,607,467.4,223,222,223.0,225.0,0.0,2.0
2195,30.3,76.7,606,466.3,222,221,223.0,223.0,-1.0,-1.0
2197,30.2,76.7,603,464.7,221,220,222.0,223.0,-1.0,0.0
2199,30.2,76.8,603,464.4,220,219,221.0,222.0,-1.0,0.0
2201,30.2,76.8,601,462.9,219,218,220.0,221.0,-1.0,0.0
2203,30.3,76.8,601,462.2,218,218,219.0,220.0,-1.0,0.0
2205,30.3,76.9,601,461.9,218,216,218.0,219.0,0.0,1.0
2207,30.3,76.9,598,459.6,216,217,218.0,218.0,-2.0,-2.0
2209,30.2,76.9,598,460.3,217,218,216.0,218.0,1.0,3.0
2211,30.3,76.9,600,461.1,218,218,217.0,216.0,1.0,0.0
2213,30.3,76.9,601,461.9,218,216,218.0,217.0,0.0,-1.0
2215,30.2,76.8,597,459.8,216,215,218.0,218.0,-2.0,-2.0
2217,30.2,76.8,595,458.3,215,213,216.0,218.0,-1.0,1.0
2219,30.2,76.8,592,455.9,213,213,215.0,216.0,-2.0,-1.0
2221,30.2,76.8,592,455.9,213,211,213.0,215.0,0.0,2.0
2223,30.2,76.8,589,453.6,211,212,213.0,213.0,-2.0,-2.0
2225,30.2,76.8,590,454.4,212,210,211.0,213.0,1.0,3.0
2227,30.2,76.8,587,452.1,210,210,212.0,211.0,-2.0,-3.0
2229,30.2,76.8,587,452.1,210,209,210.0,212.0,0.0,2.0
2231,30.2,76.8,586,451.3,209,209,210.0,210.0,-1.0,-1.0
2233,30.2,76.8,586,451.3,209,208,209.0,210.0,0.0,1.0
2235,30.2,76.8,584,449.8,208,209,209.0,209.0,-1.0,-1.0
2237,30.2,76.8,586,451.3,209,209,208.0,209.0,1.0,2.0
2239,30.2,76.8,586,451.3,209,205,209.0,208.0,0.0,-1.0
2241,30.1,76.8,578,445.9,205,197,209.0,209.0,-4.0,-4.0
2243,30.1,76.7,565,436.1,197,191,205.0,209.0,-8.0,-4.0
2245,30.1,76.7,556,429.1,191,186,197.0,205.0,-6.0,2.0
2247,30.1,76.6,548,423.2,186,185,191.0,197.0,-5.0,1.0
2249,30.0,76.6,545,421.6,185,180,186.0,191.0,-1.0,4.0
2251,30.0,76.6,538,416.2,180,174,185.0,186.0,-5.0,-4.0
2253,30.0,76.6,529,409.2,174,170,180.0,185.0,-6.0,-1.0
2255,30.0,76.6,523,404.5,170,166,174.0,180.0,-4.0,2.0
2257,30.0,76.5,515,398.6,166,161,170.0,174.0,-4.0,0.0
2259,30.0,76.5,508,393.2,161,156,166.0,170.0,-5.0,-1.0
2261,30.0,76.5,501,387.8,156,153,161.0,166.0,-5.0,0.0
2263,30.0,76.4,495,383.4,153,149,156.0,161.0,-3.0,2.0
2265,30.0,76.4,489,378.7,149,145,153.0,156.0,-4.0,-1.0
2267,30.0,76.3,483,374.3,145,142,149.0,153.0,-4.0,0.0
2269,29.9,76.3,478,371.0,142,140,145.0,149.0,-3.0,1.0
2271,30.0,76.2,475,368.3,140,136,142.0,145.0,-2.0,1.0
2273,30.0,76.2,469,363.7,136,133,140.0,142.0,-4.0,-2.0
2275,30.0,76.2,464,359.8,133,130,136.0,140.0,-3.0,1.0
2277,30.0,76.1,459,356.1,130,128,133.0,136.0,-3.0,0.0
2279,30.0,76.1,456,353.8,128,125,130.0,133.0,-2.0,1.0
2281,29.9,76.0,450,349.9,125,120,128.0,130.0,-3.0,-1.0
2283,29.9,76.0,442,343.7,120,115,125.0,128.0,-5.0,-2.0
2285,29.9,75.9,435,338.5,115,113,120.0,125.0,-5.0,0.0
2287,29.9,75.9,431,335.4,113,112,115.0,120.0,-2.0,3.0
2289,29.9,75.9,429,333.8,112,107,113.0,115.0,-1.0,1.0
2291,29.9,75.9,422,328.4,107,103,112.0,113.0,-5.0,-4.0
2293,29.9,75.9,416,323.7,103,102,107.0,112.0,-4.0,1.0
2295,29.8,75.8,413,322.1,102,99,103.0,107.0,-1.0,3.0
2297,29.8,75.8,409,318.9,99,99,102.0,103.0,-3.0,-2.0
2299,29.7,75.8,409,319.4,99,100,99.0,102.0,0.0,3.0
2301,29.7,75.7,409,319.6,100,97,99.0,99.0,1.0,1.0
2303,29.7,75.6,404,315.9,97,94,100.0,99.0,-3.0,-4.0
2305,29.7,75.5,400,313.0,94,92,97.0,100.0,-3.0,0.0
2307,29.7,75.5,397,310.6,92,91,94.0,97.0,-2.0,1.0
2309,29.7,75.5,395,309.1,91,88,92.0,94.0,-1.0,1.0
2311,29.7,75.4,390,305.4,88,84,91.0,92.0,-3.0,-2.0
2313,29.7,75.3,384,300.8,84,84,88.0,91.0,-4.0,-1.0
2315,29.7,75.3,384,300.8,84,82,84.0,88.0,0.0,4.0
2317,29.7,75.2,381,298.7,82,81,84.0,84.0,-2.0,-2.0
2319,29.7,75.1,379,297.3,81,86,82.0,84.0,-1.0,1.0
2321,29.6,75.1,386,303.3,86,92,81.0,82.0,5.0,6.0
2323,29.6,75.1,395,310.3,92,97,86.0,81.0,6.0,1.0
2325,29.6,75.1,402,315.8,97,100,92.0,86.0,5.0,-1.0
2327,29.6,75.0,407,320.0,100,103,97.0,92.0,3.0,-2.0
2329,29.6,75.0,412,323.9,103,107,100.0,97.0,3.0,0.0
2331,29.6,74.9,417,328.0,107,111,103.0,100.0,4.0,1.0
2333,29.6,74.9,424,333.5,111,115,107.0,103.0,4.0,0.0
2335,29.6,74.8,430,338.5,115,119,111.0,107.0,4.0,0.0
2337,29.6,74.8,435,342.4,119,121,115.0,111.0,4.0,0.0
2339,29.5,74.8,438,345.3,121,122,119.0,115.0,2.0,-2.0
2341,29.5,74.8,440,346.9,122,123,121.0,119.0,1.0,-1.0
2343,29.4,74.7,440,347.7,123,126,122.0,121.0,1.0,0.0
2345,29.4,74.7,444,350.8,126,126,123.0,122.0,3.0,2.0
2347,29.4,74.6,444,351.0,126,128,126.0,123.0,0.0,-3.0
2349,29.4,74.6,448,354.2,128,129,126.0,126.0,2.0,2.0
2351,29.4,74.5,448,354.4,129,131,128.0,126.0,1.0,-1.0
2353,29.4,74.4,451,357.0,131,130,129.0,128.0,2.0,1.0
2355,29.5,74.4,451,356.5,130,132,131.0,129.0,-1.0,-3.0
2357,29.4,74.3,452,358.0,132,134,130.0,131.0,2.0,3.0
2359,29.4,74.2,455,360.7,134,136,132.0,130.0,2.0,0.0
2361,29.4,74.2,458,363.0,136,134,134.0,132.0,2.0,0.0
2363,29.4,74.2,456,361.4,134,132,136.0,134.0,-2.0,-4.0
2365,29.4,74.1,452,358.5,132,131,134.0,136.0,-2.0,0.0
2367,29.4,74.1,450,356.9,131,133,132.0,134.0,-1.0,1.0
2369,29.3,74.1,452,359.1,133,133,131.0,132.0,2.0,3.0
2371,29.2,74.0,452,359.9,133,131,133.0,131.0,0.0,-2.0
2373,29.2,74.0,449,357.5,131,135,133.0,133.0,-2.0,-2.0
2375,29.2,74.0,454,361.5,135,135,131.0,133.0,4.0,6.0
2377,29.2,73.9,454,361.7,135,136,135.0,131.0,0.0,-4.0
2379,29.2,73.9,456,363.3,136,135,135.0,135.0,1.0,1.0
2381,29.1,73.9,454,362.3,135,137,136.0,135.0,-1.0,-2.0
2383,29.1,73.8,456,364.1,137,137,135.0,136.0,2.0,3.0
2385,29.1,73.7,456,364.3,137,138,137.0,135.0,0.0,-2.0
2387,29.1,73.7,457,365.1,138,138,137.0,137.0,1.0,1.0
2389,29.1,73.7,457,365.1,138,138,138.0,137.0,0.0,-1.0
2391,29.0,73.6,457,366.0,138,135,138.0,138.0,0.0,0.0
2393,29.0,73.6,452,361.9,135,137,138.0,138.0,-3.0,-3.0
2395,29.0,73.6,455,364.3,137,136,135.0,138.0,2.0,5.0
2397,29.0,73.6,453,362.7,136,137,137.0,135.0,-1.0,-3.0
2399,29.0,73.5,455,364.6,137,139,136.0,137.0,1.0,2.0
2401,29.0,73.5,458,367.0,139,140,137.0,136.0,2.0,1.0
2403,28.9,73.5,458,367.6,140,139,139.0,137.0,1.0,-1.0
2405,29.0,73.4,458,367.2,139,139,140.0,139.0,-1.0,-2.0
2407,29.0,73.4,458,367.2,139,138,139.0,140.0,0.0,1.0
2409,29.0,73.3,456,365.9,138,138,139.0,139.0,-1.0,-1.0
2411,29.0,73.2,456,366.1,138,139,138.0,139.0,0.0,1.0
2413,29.0,73.1,456,366.3,139,141,138.0,138.0,1.0,1.0
2415,29.0,73.1,460,369.5,141,140,139.0,138.0,2.0,1.0
2417,29.0,73.0,458,368.2,140,140,141.0,139.0,-1.0,-3.0
2419,29.0,72.9,457,367.6,140,138,140.0,141.0,0.0,1.0
2421,29.0,72.9,455,366.0,138,138,140.0,140.0,-2.0,-2.0
2423,28.9,72.8,453,365.2,138,136,138.0,140.0,0.0,2.0
2425,29.0,72.8,452,363.8,136,136,138.0,138.0,-2.0,-2.0
2427,29.0,72.8,451,363.0,136,139,136.0,138.0,0.0,2.0
2429,29.0,72.7,455,366.5,139,137,136.0,136.0,3.0,3.0
2431,29.0,72.7,453,364.9,137,138,139.0,136.0,-2.0,-5.0
2433,29.0,72.6,453,365.1,138,134,137.0,139.0,1.0,3.0
2435,29.0,72.6,448,361.1,134,134,138.0,137.0,-4.0,-5.0
2437,29.0,72.5,448,361.3,134,136,134.0,138.0,0.0,4.0
2439,29.0,72.4,450,363.1,136,154,134.0,134.0,2.0,2.0
2441,29.1,72.4,477,384.3,154,172,136.0,134.0,18.0,16.0
2443,29.0,72.3,504,407.0,172,188,154.0,136.0,18.0,0.0
2445,29.0,72.3,527,425.5,188,203,172.0,154.0,16.0,-2.0
2447,29.0,72.3,549,443.3,203,214,188.0,172.0,15.0,-1.0
2449,28.9,72.2,564,456.5,214,224,203.0,188.0,11.0,-4.0
2451,29.0,72.2,580,468.6,224,232,214.0,203.0,10.0,-1.0
2453,29.0,72.2,592,478.3,232,241,224.0,214.0,8.0,-2.0
2455,29.1,72.2,607,489.7,241,248,232.0,224.0,9.0,1.0
2457,29.1,72.2,617,497.7,248,254,241.0,232.0,7.0,-2.0
2459,29.1,72.2,626,505.0,254,260,248.0,241.0,6.0,-1.0
2461,29.1,72.2,635,512.3,260,267,254.0,248.0,6.0,0.0
2463,29.1,72.2,645,520.3,267,271,260.0,254.0,7.0,1.0
2465,29.1,72.3,651,524.8,271,275,267.0,260.0,4.0,-3.0
2467,29.2,72.3,658,529.6,275,278,271.0,267.0,4.0,0.0
2469,29.2,72.3,663,533.6,278,281,275.0,271.0,3.0,-1.0
2471,29.2,72.3,668,537.7,281,283,278.0,275.0,3.0,0.0
2473,29.2,72.3,671,540.1,283,288,281.0,278.0,2.0,-1.0
2475,29.3,72.3,679,545.6,288,289,283.0,281.0,5.0,3.0
2477,29.3,72.4,681,546.9,289,292,288.0,283.0,1.0,-4.0
2479,29.4,72.4,686,550.0,292,293,289.0,288.0,3.0,2.0
2481,29.4,72.4,688,551.6,293,294,292.0,289.0,1.0,-2.0
2483,29.4,72.4,690,553.2,294,294,293.0,292.0,1.0,0.0
2485,29.4,72.4,690,553.2,294,297,294.0,293.0,0.0,-1.0
2487,29.4,72.4,694,556.4,297,298,294.0,294.0,3.0,3.0
2489,29.4,72.5,696,557.7,298,297,297.0,294.0,1.0,-2.0
2491,29.4,72.5,694,556.1,297,297,298.0,297.0,-1.0,-2.0
2493,29.4,72.5,694,556.1,297,297,297.0,298.0,0.0,1.0
2495,29.4,72.5,694,556.1,297,297,297.0,297.0,0.0,0.0
2497,29.5,72.5,696,556.8,297,298,297.0,297.0,0.0,0.0
2499,29.5,72.6,698,558.0,298,299,297.0,297.0,1.0,1.0
2501,29.5,72.6,699,558.8,299,301,298.0,297.0,1.0,0.0
2503,29.5,72.7,702,560.9,301,301,299.0,298.0,2.0,1.0
2505,29.5,72.7,702,560.9,301,301,301.0,299.0,0.0,-2.0
2507,29.5,72.7,702,560.9,301,302,301.0,301.0,0.0,0.0
2509,29.5,72.8,705,562.9,302,301,301.0,301.0,1.0,1.0
2511,29.5,72.9,704,561.8,301,302,302.0,301.0,-1.0,-2.0
2513,29.4,72.9,704,562.7,302,302,301.0,302.0,1.0,2.0
2515,29.4,73.0,704,562.3,302,301,302.0,301.0,0.0,-1.0
2517,29.5,73.0,704,561.4,301,304,302.0,302.0,-1.0,-1.0
2519,29.5,73.0,709,565.4,304,306,301.0,302.0,3.0,4.0
2521,29.5,73.0,711,567.0,306,307,304.0,301.0,2.0,-1.0
2523,29.6,73.1,715,568.9,307,307,306.0,304.0,1.0,-1.0
2525,29.6,73.1,715,568.9,307,308,307.0,306.0,0.0,-1.0
2527,29.6,73.1,716,569.7,308,308,307.0,307.0,1.0,1.0
2529,29.6,73.2,716,569.3,308,305,308.0,307.0,0.0,-1.0
2531,29.6,73.2,712,566.2,305,306,308.0,308.0,-3.0,-3.0
2533,29.6,73.3,714,567.4,306,307,305.0,308.0,1.0,4.0
2535,29.6,73.3,715,568.2,307,308,306.0,305.0,1.0,0.0
2537,29.6,73.3,717,569.8,308,308,307.0,306.0,1.0,0.0
2539,29.6,73.3,717,569.8,308,308,308.0,307.0,0.0,-1.0
2541,29.6,73.3,717,569.8,308,308,308.0,308.0,0.0,0.0
2543,29.6,73.4,717,569.4,308,307,308.0,308.0,0.0,0.0
2545,29.5,73.4,714,567.9,307,309,308.0,308.0,-1.0,-1.0
2547,29.5,73.5,718,570.7,309,310,307.0,308.0,2.0,3.0
2549,29.5,73.5,720,572.3,310,306,309.0,307.0,1.0,-1.0
2551,29.5,73.5,713,566.8,306,302,310.0,309.0,-4.0,-5.0
2553,29.5,73.6,708,562.4,302,296,306.0,310.0,-4.0,0.0
2555,29.4,73.7,698,555.0,296,292,302.0,306.0,-6.0,-2.0
2557,29.5,73.7,693,550.2,292,285,296.0,302.0,-4.0,2.0
2559,29.5,73.8,683,541.9,285,282,292.0,296.0,-7.0,-3.0
2561,29.5,73.8,679,538.7,282,278,285.0,292.0,-3.0,4.0
2563,29.6,73.8,674,533.9,278,275,282.0,285.0,-4.0,-1.0
2565,29.5,73.9,668,529.7,275,271,278.0,282.0,-3.0,1.0
2567,29.5,73.9,663,525.7,271,269,275.0,278.0,-4.0,-1.0
2569,29.6,74.0,660,522.2,269,266,271.0,275.0,-2.0,2.0
2571,29.6,74.0,657,519.8,266,265,269.0,271.0,-3.0,-1.0
2573,29.6,74.1,655,517.9,265,264,266.0,269.0,-1.0,2.0
2575,29.6,74.1,653,516.3,264,260,265.0,266.0,-1.0,0.0
2577,29.6,74.1,647,511.5,260,257,264.0,265.0,-4.0,-3.0
2579,29.6,74.2,644,508.8,257,253,260.0,264.0,-3.0,1.0
2581,29.6,74.3,638,503.8,253,250,257.0,260.0,-4.0,-1.0
2583,29.6,74.3,634,500.6,250,249,253.0,257.0,-3.0,1.0
2585,29.6,74.3,632,499.1,249,247,250.0,253.0,-1.0,2.0
2587,29.6,74.3,629,496.7,247,245,249.0,250.0,-2.0,-1.0
2589,29.6,74.3,625,493.5,245,243,247.0,249.0,-2.0,0.0
2591,29.6,74.3,623,491.9,243,244,245.0,247.0,-2.0,0.0
2593,29.6,74.4,625,493.2,244,241,243.0,245.0,1.0,3.0
2595,29.6,74.4,620,489.3,241,241,244.0,243.0,-3.0,-4.0
2597,29.5,74.5,620,489.7,241,240,241.0,244.0,0.0,3.0
2599,29.5,74.5,618,488.2,240,237,241.0,241.0,-1.0,-1.0
2601,29.6,74.6,615,484.7,237,237,240.0,241.0,-3.0,-2.0
2603,29.7,74.6,615,483.9,237,233,237.0,240.0,0.0,3.0
2605,29.7,74.7,610,479.7,233,230,237.0,237.0,-4.0,-4.0
2607,29.7,74.7,606,476.6,230,226,233.0,237.0,-3.0,1.0
2609,29.7,74.7,600,471.8,226,227,230.0,233.0,-4.0,-1.0
2611,29.8,74.8,602,472.4,227,226,226.0,230.0,1.0,5.0
2613,29.8,74.8,600,470.8,226,226,227.0,226.0,-1.0,-2.0
2615,29.8,74.9,601,471.3,226,224,226.0,227.0,0.0,1.0
2617,29.8,75.0,598,468.7,224,223,226.0,226.0,-2.0,-2.0
2619,29.8,75.0,596,467.1,223,219,224.0,226.0,-1.0,1.0
2621,29.8,75.0,591,463.2,219,217,223.0,224.0,-4.0,-3.0
2623,29.9,75.0,589,460.9,217,218,219.0,223.0,-2.0,2.0
2625,30.0,75.1,592,462.2,218,217,217.0,219.0,1.0,3.0
2627,30.0,75.1,589,459.9,217,213,218.0,217.0,-1.0,-2.0
2629,30.0,75.1,584,456.0,213,211,217.0,218.0,-4.0,-3.0
2631,30.0,75.2,581,453.3,211,211,213.0,217.0,-2.0,2.0
2633,29.9,75.2,580,453.3,211,210,211.0,213.0,0.0,2.0
2635,29.9,75.2,579,452.5,210,210,211.0,211.0,-1.0,-1.0
2637,29.9,75.2,579,452.5,210,208,210.0,211.0,0.0,1.0
2639,29.9,75.3,576,449.9,208,208,210.0,210.0,-2.0,-2.0
2641,30.0,75.3,576,449.2,208,206,208.0,210.0,0.0,2.0
2643,30.0,75.3,573,446.8,206,204,208.0,208.0,-2.0,-2.0
2645,30.0,75.3,571,445.3,204,204,206.0,208.0,-2.0,0.0
2647,30.1,75.3,571,444.6,204,204,204.0,206.0,0.0,2.0
2649,30.1,75.4,571,444.3,204,203,204.0,204.0,0.0,0.0
2651,30.1,75.5,571,444.0,203,203,204.0,204.0,-1.0,-1.0
2653,30.1,75.5,571,444.0,203,200,203.0,204.0,0.0,1.0
2655,30.0,75.5,565,440.0,200,200,203.0,203.0,-3.0,-3.0
2657,30.0,75.5,565,440.0,200,198,200.0,203.0,0.0,3.0
2659,29.9,75.6,562,438.1,198,197,200.0,200.0,-2.0,-2.0
2661,29.9,75.6,560,436.5,197,197,198.0,200.0,-1.0,1.0
2663,29.9,75.7,560,436.3,197,197,197.0,198.0,0.0,1.0
2665,29.9,75.8,560,436.0,197,197,197.0,197.0,0.0,0.0
2667,29.9,75.8,560,436.0,197,198,197.0,197.0,0.0,0.0
2669,29.8,75.9,561,437.2,198,196,197.0,197.0,1.0,1.0
2671,29.8,76.0,558,434.6,196,196,198.0,197.0,-2.0,-3.0
2673,29.8,76.0,559,435.4,196,195,196.0,198.0,0.0,2.0
2675,29.8,76.0,557,433.8,195,195,196.0,196.0,-1.0,-1.0
2677,29.8,76.1,557,433.5,195,194,195.0,196.0,0.0,1.0
2679,29.9,76.2,557,432.6,194,190,195.0,195.0,-1.0,-1.0
2681,29.9,76.2,551,427.9,190,184,194.0,195.0,-4.0,-3.0
2683,29.9,76.2,541,420.2,184,178,190.0,194.0,-6.0,-2.0
2685,29.9,76.2,533,413.9,178,169,184.0,190.0,-6.0,0.0
2687,29.9,76.2,519,403.1,169,164,178.0,184.0,-9.0,-3.0
2689,29.8,76.3,510,396.5,164,160,169.0,178.0,-5.0,4.0
2691,29.8,76.3,504,391.8,160,155,164.0,169.0,-4.0,1.0
2693,29.8,76.3,496,385.6,155,153,160.0,164.0,-5.0,-1.0
2695,29.8,76.3,493,383.2,153,150,155.0,160.0,-2.0,3.0
2697,29.8,76.4,489,379.9,150,145,153.0,155.0,-3.0,-1.0
2699,29.8,76.4,482,374.5,145,142,150.0,153.0,-5.0,-2.0
2701,29.8,76.4,477,370.6,142,137,145.0,150.0,-3.0,2.0
2703,29.8,76.5,469,364.1,137,134,142.0,145.0,-5.0,-2.0
2705,29.8,76.5,464,360.2,134,129,137.0,142.0,-3.0,2.0
2707,29.8,76.6,457,354.6,129,128,134.0,137.0,-5.0,-2.0
2709,29.8,76.6,456,353.8,128,125,129.0,134.0,-1.0,4.0
2711,29.8,76.6,451,349.9,125,120,128.0,129.0,-3.0,-2.0
2713,29.8,76.6,444,344.5,120,117,125.0,128.0,-5.0,-2.0
2715,29.9,76.6,440,340.9,117,112,120.0,125.0,-3.0,2.0
2717,29.9,76.6,432,334.7,112,110,117.0,120.0,-5.0,-2.0
2719,29.8,76.6,428,332.1,110,108,112.0,117.0,-2.0,3.0
2721,29.8,76.6,424,329.0,108,107,110.0,112.0,-2.0,0.0
2723,29.8,76.6,423,328.2,107,103,108.0,110.0,-1.0,1.0
2725,29.8,76.6,417,323.6,103,103,107.0,108.0,-4.0,-3.0
2727,29.8,76.6,417,323.6,103,97,103.0,107.0,0.0,4.0
2729,29.8,76.5,408,316.8,97,95,103.0,103.0,-6.0,-6.0
2731,29.8,76.5,404,313.7,95,92,97.0,103.0,-2.0,4.0
2733,29.8,76.5,400,310.6,92,91,95.0,97.0,-3.0,-1.0
2735,29.8,76.5,398,309.0,91,88,92.0,95.0,-1.0,2.0
2737,29.8,76.4,394,306.1,88,88,91.0,92.0,-3.0,-2.0
2739,29.8,76.4,394,306.1,88,86,88.0,91.0,0.0,3.0
2741,29.8,76.3,390,303.2,86,83,88.0,88.0,-2.0,-2.0
2743,29.8,76.3,386,300.1,83,80,86.0,88.0,-3.0,-1.0
2745,29.8,76.2,380,295.6,80,76,83.0,86.0,-3.0,0.0
2747,29.8,76.2,374,290.9,76,76,80.0,83.0,-4.0,-1.0
2749,29.8,76.2,374,290.9,76,75,76.0,80.0,0.0,4.0
2751,29.7,76.2,372,289.8,75,77,76.0,76.0,-1.0,-1.0
2753,29.7,76.2,375,292.1,77,76,75.0,76.0,2.0,3.0
2755,29.7,76.2,373,290.6,76,73,77.0,75.0,-1.0,-3.0
2757,29.7,76.1,369,287.7,73,74,76.0,77.0,-3.0,-2.0
2759,29.6,76.0,369,288.3,74,80,73.0,76.0,1.0,4.0
2761,29.6,75.9,379,296.3,80,86,74.0,73.0,6.0,5.0
2763,29.6,75.9,388,303.3,86,93,80.0,74.0,6.0,0.0
2765,29.6,75.9,398,311.1,93,99,86.0,80.0,7.0,1.0
2767,29.5,75.8,407,318.9,99,103,93.0,86.0,6.0,-1.0
2769,29.5,75.7,413,323.8,103,108,99.0,93.0,4.0,-2.0
2771,29.5,75.7,420,329.3,108,114,103.0,99.0,5.0,1.0
2773,29.5,75.7,430,337.1,114,119,108.0,103.0,6.0,1.0
2775,29.5,75.7,438,343.4,119,123,114.0,108.0,5.0,-1.0
2777,29.5,75.7,444,348.1,123,127,119.0,114.0,4.0,-1.0
2779,29.4,75.6,448,352.0,127,127,123.0,119.0,4.0,0.0
2781,29.4,75.6,448,352.0,127,131,127.0,123.0,0.0,-4.0
2783,29.4,75.6,454,356.7,131,133,127.0,127.0,4.0,4.0
2785,29.3,75.5,457,359.8,133,133,131.0,127.0,2.0,-2.0
2787,29.3,75.5,457,359.8,133,133,133.0,131.0,0.0,-2.0
2789,29.4,75.5,457,359.3,133,133,133.0,133.0,0.0,0.0
2791,29.4,75.5,457,359.3,133,133,133.0,133.0,0.0,0.0
2793,29.4,75.4,457,359.5,133,137,133.0,133.0,0.0,0.0
2795,29.5,75.4,464,364.4,137,138,133.0,133.0,4.0,4.0
2797,29.5,75.3,465,365.5,138,138,137.0,133.0,1.0,-3.0
2799,29.5,75.2,465,365.7,138,138,138.0,137.0,0.0,-1.0
2801,29.5,75.2,465,365.7,138,139,138.0,138.0,0.0,0.0
2803,29.4,75.1,465,366.5,139,139,138.0,138.0,1.0,1.0
2805,29.4,75.1,465,366.5,139,140,139.0,138.0,0.0,-1.0
2807,29.4,75.1,467,368.1,140,141,139.0,139.0,1.0,1.0
2809,29.4,75.1,468,368.9,141,141,140.0,139.0,1.0,0.0
2811,29.4,75.1,468,368.9,141,141,141.0,140.0,0.0,-1.0
2813,29.3,75.1,468,369.4,141,141,141.0,141.0,0.0,0.0
2815,29.3,75.0,468,369.7,141,143,141.0,141.0,0.0,0.0
2817,29.3,75.0,470,371.2,143,143,141.0,141.0,2.0,2.0
2819,29.3,75.0,470,371.2,143,143,143.0,141.0,0.0,-2.0
2821,29.3,74.9,470,371.5,143,144,143.0,143.0,0.0,0.0
2823,29.3,74.8,472,373.3,144,144,143.0,143.0,1.0,1.0
2825,29.4,74.8,472,372.7,144,143,144.0,143.0,0.0,-1.0
2827,29.4,74.7,470,371.4,143,142,144.0,144.0,-1.0,-1.0
2829,29.4,74.7,468,369.8,142,142,143.0,144.0,-1.0,0.0
2831,29.3,74.6,468,370.6,142,142,142.0,143.0,0.0,1.0
2833,29.3,74.6,468,370.6,142,145,142.0,142.0,0.0,0.0
2835,29.3,74.5,472,374.0,145,144,142.0,142.0,3.0,3.0
2837,29.2,74.5,470,373.0,144,145,145.0,142.0,-1.0,-4.0
2839,29.3,74.5,472,374.0,145,144,144.0,145.0,1.0,2.0
2841,29.2,74.5,470,373.0,144,144,145.0,144.0,-1.0,-2.0
2843,29.3,74.5,471,373.2,144,143,144.0,145.0,0.0,1.0
2845,29.3,74.5,469,371.6,143,144,144.0,144.0,-1.0,-1.0
2847,29.3,74.4,470,372.7,144,145,143.0,144.0,1.0,2.0
2849,29.3,74.4,472,374.2,145,145,144.0,143.0,1.0,0.0
2851,29.3,74.4,472,374.2,145,145,145.0,144.0,0.0,-1.0
2853,29.3,74.3,472,374.5,145,147,145.0,145.0,0.0,0.0
2855,29.3,74.3,475,376.9,147,148,145.0,145.0,2.0,2.0
2857,29.3,74.2,475,377.1,148,148,147.0,145.0,1.0,-1.0
2859,29.3,74.1,475,377.3,148,146,148.0,147.0,0.0,-1.0
2861,29.2,74.1,471,374.8,146,146,148.0,148.0,-2.0,-2.0
2863,29.2,74.1,471,374.8,146,144,146.0,148.0,0.0,2.0
2865,29.2,74.0,468,372.6,144,143,146.0,146.0,-2.0,-2.0
2867,29.2,73.9,467,372.1,143,142,144.0,146.0,-1.0,1.0
2869,29.2,73.9,465,370.5,142,142,143.0,144.0,-1.0,0.0
2871,29.2,73.9,465,370.5,142,142,142.0,143.0,0.0,1.0
2873,29.2,73.9,465,370.5,142,143,142.0,142.0,0.0,0.0
2875,29.1,73.8,465,371.3,143,141,142.0,142.0,1.0,1.0
2877,29.1,73.8,462,368.9,141,142,143.0,142.0,-2.0,-3.0
2879,29.1,73.7,464,370.7,142,158,141.0,143.0,1.0,3.0
2881,29.1,73.6,487,389.4,158,173,142.0,141.0,16.0,15.0
2883,29.1,73.6,510,407.7,173,188,158.0,142.0,15.0,-1.0
2885,29.1,73.6,532,425.3,188,198,173.0,158.0,15.0,0.0
2887,29.1,73.6,548,438.1,198,208,188.0,173.0,10.0,-5.0
2889,29.1,73.5,562,449.6,208,217,198.0,188.0,10.0,0.0
2891,29.0,73.5,575,460.7,217,226,208.0,198.0,9.0,-1.0
2893,29.0,73.4,588,471.5,226,235,217.0,208.0,9.0,0.0
2895,29.1,73.4,602,481.9,235,239,226.0,217.0,9.0,0.0
2897,29.1,73.3,608,487.0,239,245,235.0,226.0,4.0,-5.0
2899,29.1,73.3,617,494.2,245,248,239.0,235.0,6.0,2.0
2901,29.1,73.3,622,498.2,248,254,245.0,239.0,3.0,-3.0
2903,29.1,73.2,630,505.0,254,254,248.0,245.0,6.0,3.0
2905,29.1,73.2,630,505.0,254,257,254.0,248.0,0.0,-6.0
2907,29.1,73.2,634,508.2,257,260,254.0,254.0,3.0,3.0
2909,29.1,73.1,638,511.7,260,261,257.0,254.0,3.0,0.0
2911,29.1,73.0,639,512.8,261,264,260.0,257.0,1.0,-2.0
2913,29.1,72.9,644,517.2,264,264,261.0,260.0,3.0,2.0
2915,29.1,72.9,644,517.2,264,267,264.0,261.0,0.0,-3.0
2917,29.1,72.9,648,520.4,267,269,264.0,264.0,3.0,3.0
2919,29.1,72.9,651,522.8,269,270,267.0,264.0,2.0,-1.0
2921,29.0,72.8,651,524.0,270,274,269.0,267.0,1.0,-1.0
2923,29.0,72.8,657,528.8,274,274,270.0,269.0,4.0,3.0
2925,29.0,72.8,657,528.8,274,275,274.0,270.0,0.0,-4.0
2927,29.0,72.8,659,530.4,275,278,274.0,274.0,1.0,1.0
2929,29.0,72.7,663,534.0,278,279,275.0,274.0,3.0,2.0
2931,29.0,72.7,664,534.8,279,282,278.0,275.0,1.0,-2.0
2933,29.0,72.6,668,538.4,282,282,279.0,278.0,3.0,2.0
2935,29.0,72.5,668,538.7,282,280,282.0,279.0,0.0,-3.0
2937,29.0,72.5,665,536.3,280,280,282.0,282.0,-2.0,-2.0
2939,29.0,72.4,665,536.6,280,280,280.0,282.0,0.0,2.0
2941,29.0,72.4,665,536.6,280,281,280.0,280.0,0.0,0.0
2943,29.0,72.3,666,537.8,281,281,280.0,280.0,1.0,1.0
2945,29.0,72.3,666,537.8,281,281,281.0,280.0,0.0,-1.0
2947,29.0,72.3,666,537.8,281,282,281.0,281.0,0.0,0.0
2949,29.1,72.2,668,538.9,282,283,281.0,281.0,1.0,1.0
2951,29.0,72.2,668,539.8,283,286,282.0,281.0,1.0,0.0
2953,29.0,72.2,672,543.0,286,286,283.0,282.0,3.0,2.0
2955,29.0,72.1,672,543.3,286,286,286.0,283.0,0.0,-3.0
2957,29.1,72.0,673,543.6,286,286,286.0,286.0,0.0,0.0
2959,29.1,72.0,673,543.6,286,286,286.0,286.0,0.0,0.0
2961,29.1,72.0,673,543.6,286,287,286.0,286.0,0.0,0.0
2963,29.1,71.9,673,544.0,287,287,286.0,286.0,1.0,1.0
2965,29.1,71.9,673,544.0,287,285,287.0,286.0,0.0,-1.0
2967,29.1,71.9,671,542.4,285,285,287.0,287.0,-2.0,-2.0
2969,29.1,71.9,670,541.5,285,285,285.0,287.0,0.0,2.0
2971,29.1,71.9,670,541.5,285,285,285.0,285.0,0.0,0.0
2973,29.1,71.9,670,541.5,285,285,285.0,285.0,0.0,0.0
2975,29.1,71.9,670,541.5,285,281,285.0,285.0,0.0,0.0
2977,29.1,71.9,665,537.5,281,280,285.0,285.0,-4.0,-4.0
2979,29.1,72.0,664,536.3,280,279,281.0,285.0,-1.0,3.0
2981,29.1,72.0,662,534.7,279,280,280.0,281.0,-1.0,0.0
2983,29.1,72.0,664,536.3,280,277,279.0,280.0,1.0,2.0
2985,29.1,72.0,659,532.3,277,280,280.0,279.0,-3.0,-4.0
2987,29.1,72.0,663,535.5,280,280,277.0,280.0,3.0,6.0
2989,29.1,72.0,663,535.5,280,282,280.0,277.0,0.0,-3.0
2991,29.2,72.0,667,537.9,282,280,280.0,280.0,2.0,2.0
2993,29.2,72.0,665,536.3,280,280,282.0,280.0,-2.0,-4.0
2995,29.2,72.0,665,536.3,280,282,280.0,282.0,0.0,2.0
2997,29.2,72.0,667,537.9,282,282,280.0,280.0,2.0,2.0
2999,29.2,72.0,668,538.7,282,279,282.0,280.0,0.0,-2.0
3001,29.3,72.1,665,535.1,279,273,282.0,282.0,-3.0,-3.0
3003,29.3,72.1,656,527.8,273,272,279.0,282.0,-6.0,-3.0
3005,29.3,72.2,654,525.9,272,268,273.0,279.0,-1.0,5.0
3007,29.3,72.2,648,521.1,268,264,272.0,273.0,-4.0,-3.0
3009,29.3,72.3,643,516.7,264,262,268.0,272.0,-4.0,0.0
3011,29.3,72.3,640,514.3,262,258,264.0,268.0,-2.0,2.0
3013,29.3,72.4,635,510.0,258,253,262.0,264.0,-4.0,-2.0
3015,29.3,72.5,628,504.0,253,251,258.0,262.0,-5.0,-1.0
3017,29.3,72.6,625,501.3,251,250,253.0,258.0,-2.0,3.0
3019,29.3,72.6,623,499.7,250,248,251.0,253.0,-1.0,1.0
3021,29.3,72.7,621,497.8,248,248,250.0,251.0,-2.0,-1.0
3023,29.3,72.8,621,497.4,248,246,248.0,250.0,0.0,2.0
3025,29.4,72.8,619,495.0,246,243,248.0,248.0,-2.0,-2.0
3027,29.4,72.8,615,491.8,243,240,246.0,248.0,-3.0,-1.0
3029,29.4,72.8,610,487.8,240,236,243.0,246.0,-3.0,0.0
3031,29.4,72.8,604,483.0,236,234,240.0,243.0,-4.0,-1.0
3033,29.4,72.9,601,480.3,234,230,236.0,240.0,-2.0,2.0
3035,29.5,72.9,596,475.6,230,225,234.0,236.0,-4.0,-2.0
3037,29.5,73.0,589,469.7,225,223,230.0,234.0,-5.0,-1.0
3039,29.5,73.0,586,467.3,223,221,225.0,230.0,-2.0,3.0
3041,29.5,73.0,583,464.9,221,218,223.0,225.0,-2.0,0.0
3043,29.5,73.0,579,461.7,218,218,221.0,223.0,-3.0,-1.0
3045,29.5,73.1,579,461.4,218,216,218.0,221.0,0.0,3.0
3047,29.6,73.1,577,459.1,216,213,218.0,218.0,-2.0,-2.0
3049,29.6,73.2,573,455.6,213,212,216.0,218.0,-3.0,-1.0
3051,29.6,73.2,571,454.0,212,212,213.0,216.0,-1.0,2.0
3053,29.6,73.2,571,454.0,212,208,212.0,213.0,0.0,1.0
3055,29.7,73.2,567,450.1,208,208,212.0,212.0,-4.0,-4.0
3057,29.7,73.2,567,450.1,208,207,208.0,212.0,0.0,4.0
3059,29.6,73.3,564,448.2,207,207,208.0,208.0,-1.0,-1.0
3061,29.6,73.4,564,447.9,207,205,207.0,208.0,0.0,1.0
3063,29.6,73.5,562,446.0,205,202,207.0,207.0,-2.0,-2.0
3065,29.6,73.5,558,442.9,202,200,205.0,207.0,-3.0,-1.0
3067,29.6,73.5,554,439.7,200,198,202.0,205.0,-2.0,1.0
3069,29.6,73.5,551,437.3,198,198,200.0,202.0,-2.0,0.0
3071,29.6,73.6,551,437.0,198,197,198.0,200.0,0.0,2.0
3073,29.6,73.7,551,436.7,197,197,198.0,198.0,-1.0,-1.0
3075,29.6,73.8,551,436.5,197,194,197.0,198.0,0.0,1.0
3077,29.6,73.9,547,433.0,194,194,197.0,197.0,-3.0,-3.0
3079,29.6,73.9,547,433.0,194,194,194.0,197.0,0.0,3.0
3081,29.6,73.9,547,433.0,194,193,194.0,194.0,0.0,0.0
3083,29.6,74.0,545,431.2,193,192,194.0,194.0,-1.0,-1.0
3085,29.6,74.0,544,430.4,192,192,193.0,194.0,-1.0,0.0
3087,29.6,74.0,544,430.4,192,190,192.0,193.0,0.0,1.0
3089,29.6,74.1,542,428.5,190,188,192.0,192.0,-2.0,-2.0
3091,29.6,74.1,539,426.2,188,188,190.0,192.0,-2.0,0.0
3093,29.7,74.2,539,425.2,188,185,188.0,190.0,0.0,2.0
3095,29.7,74.2,535,422.1,185,186,188.0,188.0,-3.0,-3.0
3097,29.7,74.2,537,423.6,186,182,185.0,188.0,1.0,4.0
3099,29.8,74.3,532,418.8,182,182,186.0,185.0,-4.0,-5.0
3101,29.8,74.3,532,418.8,182,182,182.0,186.0,0.0,4.0
3103,29.9,74.4,532,417.8,182,182,182.0,182.0,0.0,0.0
3105,29.9,74.4,533,418.6,182,183,182.0,182.0,0.0,0.0
3107,29.9,74.5,534,419.2,183,181,182.0,182.0,1.0,1.0
3109,30.0,74.6,532,416.7,181,177,183.0,182.0,-2.0,-3.0
3111,30.0,74.6,527,412.8,177,175,181.0,183.0,-4.0,-2.0
3113,30.0,74.7,524,410.1,175,174,177.0,181.0,-2.0,2.0
3115,30.0,74.7,522,408.6,174,174,175.0,177.0,-1.0,1.0
3117,30.0,74.8,522,408.3,174,173,174.0,175.0,0.0,1.0
3119,30.0,74.8,521,407.5,173,168,174.0,174.0,-1.0,-1.0
3121,30.0,74.9,513,401.0,168,162,173.0,174.0,-5.0,-4.0
3123,30.0,75.0,505,394.5,162,158,168.0,173.0,-6.0,-1.0
3125,30.0,75.0,499,389.8,158,156,162.0,168.0,-4.0,2.0
3127,30.0,75.1,496,387.3,156,151,158.0,162.0,-2.0,2.0
3129,30.0,75.1,488,381.0,151,147,156.0,158.0,-5.0,-3.0
3131,30.0,75.2,482,376.1,147,142,151.0,156.0,-4.0,1.0
3133,30.0,75.2,475,370.6,142,136,147.0,151.0,-5.0,-1.0
3135,30.0,75.3,465,362.6,136,129,142.0,147.0,-6.0,-1.0
3137,30.0,75.4,456,355.4,129,126,136.0,142.0,-7.0,-1.0
3139,30.0,75.4,451,351.5,126,123,129.0,136.0,-3.0,4.0
3141,30.0,75.4,446,347.6,123,121,126.0,129.0,-3.0,0.0
3143,30.0,75.5,443,345.0,121,116,123.0,126.0,-2.0,1.0
3145,30.0,75.5,436,339.6,116,112,121.0,123.0,-5.0,-3.0
3147,30.0,75.6,429,333.9,112,108,116.0,121.0,-4.0,1.0
3149,30.0,75.7,424,329.8,108,106,112.0,116.0,-4.0,0.0
3151,30.1,75.7,421,327.0,106,104,108.0,112.0,-2.0,2.0
3153,30.1,75.7,418,324.6,104,104,106.0,108.0,-2.0,0.0
3155,30.1,75.8,418,324.4,104,98,104.0,106.0,0.0,2.0
3157,30.1,75.9,410,318.0,98,95,104.0,104.0,-6.0,-6.0
3159,30.2,76.0,406,314.2,95,93,98.0,104.0,-3.0,3.0
3161,30.2,76.0,403,311.9,93,90,95.0,98.0,-2.0,1.0
3163,30.2,76.0,398,308.0,90,86,93.0,95.0,-3.0,-1.0
3165,30.2,76.0,392,303.4,86,86,90.0,93.0,-4.0,-1.0
3167,30.2,76.1,392,303.2,86,84,86.0,90.0,0.0,4.0
3169,30.2,76.1,389,300.9,84,82,86.0,86.0,-2.0,-2.0
3171,30.3,76.2,386,297.9,82,80,84.0,86.0,-2.0,0.0
3173,30.3,76.3,384,296.2,80,80,82.0,84.0,-2.0,0.0
3175,30.3,76.3,384,296.2,80,78,80.0,82.0,0.0,2.0
3177,30.3,76.4,381,293.7,78,76,80.0,80.0,-2.0,-2.0
3179,30.3,76.4,377,290.6,76,73,78.0,80.0,-2.0,0.0
3181,30.3,76.5,374,288.1,73,71,76.0,78.0,-3.0,-1.0
3183,30.2,76.5,370,285.5,71,71,73.0,76.0,-2.0,1.0
3185,30.3,76.5,370,285.1,71,70,71.0,73.0,0.0,2.0
3187,30.4,76.6,370,284.4,70,67,71.0,71.0,-1.0,-1.0
3189,30.3,76.7,365,280.9,67,65,70.0,71.0,-3.0,-2.0
3191,30.3,76.8,361,277.6,65,65,67.0,70.0,-2.0,1.0
3193,30.2,76.8,361,278.0,65,62,65.0,67.0,0.0,2.0
3195,30.2,76.8,356,274.2,62,61,65.0,65.0,-3.0,-3.0
3197,30.2,76.8,355,273.4,61,61,62.0,65.0,-1.0,2.0
3199,30.2,76.9,355,273.2,61,61,61.0,62.0,0.0,1.0
3201,30.2,77.0,355,273.1,61,62,61.0,61.0,0.0,0.0
3203,30.3,77.0,358,275.0,62,62,61.0,61.0,1.0,1.0
3205,30.3,77.1,358,274.8,62,61,62.0,61.0,0.0,-1.0
3207,30.3,77.1,356,273.3,61,62,62.0,62.0,-1.0,-1.0
3209,30.3,77.1,357,274.0,62,62,61.0,62.0,1.0,2.0
3211,30.3,77.1,357,274.0,62,62,62.0,61.0,0.0,-1.0
3213,30.3,77.1,357,274.0,62,61,62.0,62.0,0.0,0.0
3215,30.2,77.1,355,272.9,61,62,62.0,62.0,-1.0,-1.0
3217,30.3,77.1,357,274.0,62,61,61.0,62.0,1.0,2.0
3219,30.2,77.2,355,272.7,61,72,62.0,61.0,-1.0,-2.0
3221,30.2,77.2,373,286.6,72,82,61.0,62.0,11.0,12.0
3223,30.3,77.2,389,298.4,82,88,72.0,61.0,10.0,-1.0
3225,30.3,77.2,398,305.3,88,96,82.0,72.0,6.0,-4.0
3227,30.3,77.2,411,315.3,96,104,88.0,82.0,8.0,2.0
3229,30.3,77.2,423,324.5,104,111,96.0,88.0,8.0,0.0
3231,30.2,77.2,433,332.7,111,118,104.0,96.0,7.0,-1.0
3233,30.2,77.2,445,341.9,118,123,111.0,104.0,7.0,0.0
3235,30.2,77.2,453,348.0,123,130,118.0,111.0,5.0,-2.0
3237,30.3,77.2,464,355.9,130,133,123.0,118.0,7.0,2.0
3239,30.3,77.2,469,359.8,133,139,130.0,123.0,3.0,-4.0
3241,30.3,77.2,478,366.7,139,141,133.0,130.0,6.0,3.0
3243,30.2,77.2,481,369.5,141,143,139.0,133.0,2.0,-4.0
3245,30.2,77.2,483,371.1,143,144,141.0,139.0,2.0,0.0
3247,30.2,77.2,486,373.4,144,148,143.0,141.0,1.0,-1.0
3249,30.1,77.2,491,377.8,148,149,144.0,143.0,4.0,3.0
3251,30.1,77.2,492,378.6,149,152,148.0,144.0,1.0,-3.0
3253,30.1,77.1,497,382.7,152,155,149.0,148.0,3.0,2.0
3255,30.0,77.1,500,385.6,155,157,152.0,149.0,3.0,0.0
3257,30.0,77.1,503,387.9,157,157,155.0,152.0,2.0,-1.0
3259,30.0,77.1,503,387.9,157,158,157.0,155.0,0.0,-2.0
3261,30.0,77.0,505,389.7,158,158,157.0,157.0,1.0,1.0
3263,30.0,77.0,505,389.7,158,161,158.0,157.0,0.0,-1.0
3265,30.0,77.0,509,392.7,161,162,158.0,158.0,3.0,3.0
3267,30.0,76.9,511,394.5,162,161,161.0,158.0,1.0,-2.0
3269,29.9,76.9,508,392.8,161,161,162.0,161.0,-1.0,-2.0
3271,29.9,76.9,508,392.8,161,161,161.0,162.0,0.0,1.0
3273,29.9,76.9,508,392.8,161,163,161.0,161.0,0.0,0.0
3275,29.9,76.9,511,395.1,163,165,161.0,161.0,2.0,2.0
3277,29.9,76.9,514,397.5,165,165,163.0,161.0,2.0,0.0
3279,29.9,76.8,514,397.7,165,168,165.0,163.0,0.0,-2.0
3281,29.9,76.8,519,401.6,168,166,165.0,165.0,3.0,3.0
3283,29.9,76.8,516,399.3,166,166,168.0,165.0,-2.0,-5.0
3285,30.0,76.8,516,398.6,166,166,166.0,168.0,0.0,2.0
3287,29.9,76.7,516,399.5,166,169,166.0,166.0,0.0,0.0
3289,29.9,76.7,520,402.6,169,171,166.0,166.0,3.0,3.0
3291,29.9,76.7,523,404.9,171,171,169.0,166.0,2.0,-1.0
3293,29.9,76.7,523,404.9,171,171,171.0,169.0,0.0,-2.0
3295,29.9,76.7,523,404.9,171,167,171.0,171.0,0.0,0.0
3297,29.9,76.6,517,400.5,167,170,171.0,171.0,-4.0,-4.0
3299,29.9,76.6,521,403.6,170,170,167.0,171.0,3.0,7.0
3301,29.9,76.6,521,403.6,170,170,170.0,167.0,0.0,-3.0
3303,29.8,76.6,520,403.5,170,168,170.0,170.0,0.0,0.0
3305,29.8,76.5,518,402.2,168,167,170.0,170.0,-2.0,-2.0
3307,29.8,76.5,516,400.6,167,166,168.0,170.0,-1.0,1.0
3309,29.8,76.5,515,399.8,166,170,167.0,168.0,-1.0,0.0
3311,29.8,76.4,520,404.0,170,170,166.0,167.0,4.0,5.0
3313,29.8,76.4,520,404.0,170,169,170.0,166.0,0.0,-4.0
3315,29.8,76.3,518,402.7,169,169,170.0,170.0,-1.0,-1.0
3317,29.8,76.2,518,402.9,169,168,169.0,170.0,0.0,1.0
3319,29.8,76.2,516,401.4,168,166,169.0,169.0,-1.0,-1.0
3321,29.8,76.1,513,399.3,166,166,168.0,169.0,-2.0,-1.0
3323,29.8,76.1,513,399.3,166,167,166.0,168.0,0.0,2.0
3325,29.7,76.0,513,400.2,167,167,166.0,166.0,1.0,1.0
3327,29.8,76.0,514,400.3,167,167,167.0,166.0,0.0,-1.0
3329,29.7,76.0,514,400.9,167,165,167.0,167.0,0.0,0.0
3331,29.7,76.0,510,397.8,165,165,167.0,167.0,-2.0,-2.0
3333,29.7,76.0,510,397.8,165,165,165.0,167.0,0.0,2.0
3335,29.6,76.0,510,398.4,165,167,165.0,165.0,0.0,0.0
3337,29.6,76.0,512,400.0,167,167,165.0,165.0,2.0,2.0
3339,29.6,75.9,512,400.3,167,176,167.0,165.0,0.0,-2.0
3341,29.6,75.9,526,411.2,176,183,167.0,167.0,9.0,9.0
3343,29.6,75.9,537,419.8,183,192,176.0,167.0,7.0,-2.0
3345,29.6,75.9,550,430.0,192,202,183.0,176.0,9.0,2.0
3347,29.6,75.8,566,442.7,202,208,192.0,183.0,10.0,1.0
3349,29.6,75.8,575,449.8,208,213,202.0,192.0,6.0,-4.0
3351,29.6,75.8,583,456.0,213,220,208.0,202.0,5.0,-1.0
3353,29.6,75.8,593,463.9,220,224,213.0,208.0,7.0,2.0
3355,29.6,75.8,600,469.3,224,227,220.0,213.0,4.0,-3.0
3357,29.5,75.7,602,471.9,227,232,224.0,220.0,3.0,-1.0
3359,29.5,75.7,611,479.0,232,236,227.0,224.0,5.0,2.0
3361,29.5,75.7,616,482.9,236,239,232.0,227.0,4.0,-1.0
3363,29.5,75.6,621,487.1,239,240,236.0,232.0,3.0,-1.0
3365,29.6,75.6,623,487.9,240,241,239.0,236.0,1.0,-2.0
3367,29.6,75.6,625,489.5,241,245,240.0,239.0,1.0,0.0
3369,29.6,75.5,630,493.7,245,246,241.0,240.0,4.0,3.0
3371,29.6,75.5,632,495.3,246,247,245.0,241.0,1.0,-3.0
3373,29.5,75.5,632,496.1,247,248,246.0,245.0,1.0,0.0
3375,29.5,75.4,634,498.0,248,250,247.0,246.0,1.0,0.0
3377,29.4,75.3,636,500.6,250,251,248.0,247.0,2.0,1.0
3379,29.4,75.3,637,501.4,251,254,250.0,248.0,1.0,-1.0
3381,29.4,75.3,642,505.4,254,253,251.0,250.0,3.0,2.0
3383,29.4,75.3,640,503.8,253,254,254.0,251.0,-1.0,-4.0
3385,29.4,75.3,641,504.6,254,255,253.0,254.0,1.0,2.0
3387,29.4,75.2,643,506.5,255,255,254.0,253.0,1.0,0.0
3389,29.4,75.2,643,506.5,255,255,255.0,254.0,0.0,-1.0
3391,29.4,75.2,643,506.5,255,255,255.0,255.0,0.0,0.0
3393,29.5,75.2,643,505.7,255,254,255.0,255.0,0.0,0.0
3395,29.5,75.2,642,504.9,254,257,255.0,255.0,-1.0,-1.0
3397,29.4,75.2,646,508.8,257,257,254.0,255.0,3.0,4.0
3399,29.5,75.2,646,508.0,257,260,257.0,254.0,0.0,-3.0
3401,29.5,75.2,651,512.0,260,259,257.0,257.0,3.0,3.0
3403,29.5,75.1,649,510.7,259,258,260.0,257.0,-1.0,-4.0
3405,29.5,75.1,647,509.1,258,258,259.0,260.0,-1.0,0.0
3407,29.5,75.0,647,509.4,258,260,258.0,259.0,0.0,1.0
3409,29.5,75.0,651,512.6,260,262,258.0,258.0,2.0,2.0
3411,29.5,75.0,653,514.2,262,260,260.0,258.0,2.0,0.0
3413,29.5,75.0,651,512.6,260,260,262.0,260.0,-2.0,-4.0
3415,29.5,75.0,651,512.6,260,262,260.0,262.0,0.0,2.0
3417,29.5,75.0,653,514.2,262,261,260.0,260.0,2.0,2.0
3419,29.5,74.9,651,512.9,261,259,262.0,260.0,-1.0,-3.0
3421,29.5,74.9,649,511.3,259,259,261.0,262.0,-2.0,-1.0
3423,29.5,74.9,649,511.3,259,259,259.0,261.0,0.0,2.0
3425,29.5,74.9,649,511.3,259,260,259.0,259.0,0.0,0.0
3427,29.5,74.8,650,512.5,260,260,259.0,259.0,1.0,1.0
3429,29.5,74.8,650,512.5,260,262,260.0,259.0,0.0,-1.0
3431,29.5,74.8,652,514.0,262,262,260.0,260.0,2.0,2.0
3433,29.5,74.8,652,514.0,262,263,262.0,260.0,0.0,-2.0
3435,29.5,74.8,654,515.6,263,263,262.0,262.0,1.0,1.0
3437,29.5,74.8,654,515.6,263,263,263.0,262.0,0.0,-1.0
3439,29.5,74.8,654,515.6,263,262,263.0,263.0,0.0,0.0
3441,29.5,74.8,653,514.8,262,261,263.0,263.0,-1.0,-1.0
3443,29.5,74.7,651,513.6,261,261,262.0,263.0,-1.0,0.0
3445,29.5,74.7,650,512.8,261,261,261.0,262.0,0.0,1.0
3447,29.5,74.7,650,512.8,261,258,261.0,261.0,0.0,0.0
3449,29.4,74.6,644,509.2,258,258,261.0,261.0,-3.0,-3.0
3451,29.4,74.5,644,509.5,258,258,258.0,261.0,0.0,3.0
3453,29.5,74.4,644,509.0,258,256,258.0,258.0,0.0,0.0
3455,29.5,74.4,641,506.6,256,255,258.0,258.0,-2.0,-2.0
3457,29.4,74.4,639,505.9,255,254,256.0,258.0,-1.0,1.0
3459,29.5,74.4,639,505.1,254,254,255.0,256.0,-1.0,0.0
3461,29.5,74.3,639,505.4,254,251,254.0,255.0,0.0,1.0
3463,29.4,74.3,633,501.4,251,251,254.0,254.0,-3.0,-3.0
3465,29.4,74.3,633,501.4,251,250,251.0,254.0,0.0,3.0
3467,29.4,74.3,631,499.8,250,249,251.0,251.0,-1.0,-1.0
3469,29.4,74.3,629,498.3,249,245,250.0,251.0,-1.0,0.0
3471,29.4,74.3,623,493.5,245,243,249.0,250.0,-4.0,-3.0
3473,29.4,74.3,621,491.9,243,243,245.0,249.0,-2.0,2.0
3475,29.4,74.3,620,491.1,243,241,243.0,245.0,0.0,2.0
3477,29.4,74.3,618,489.5,241,238,243.0,243.0,-2.0,-2.0
3479,29.4,74.3,613,485.6,238,235,241.0,243.0,-3.0,-1.0
3481,29.4,74.3,609,482.4,235,233,238.0,241.0,-3.0,0.0
3483,29.4,74.3,606,480.0,233,233,235.0,238.0,-2.0,1.0
3485,29.4,74.3,606,480.0,233,231,233.0,235.0,0.0,2.0
3487,29.4,74.3,602,476.9,231,227,233.0,233.0,-2.0,-2.0
3489,29.4,74.3,597,472.9,227,224,231.0,233.0,-4.0,-2.0
3491,29.3,74.3,591,468.9,224,223,227.0,231.0,-3.0,1.0
3493,29.3,74.3,589,467.3,223,222,224.0,227.0,-1.0,2.0
3495,29.4,74.3,589,466.6,222,220,223.0,224.0,-1.0,0.0
3497,29.4,74.2,586,464.5,220,217,222.0,223.0,-2.0,-1.0
3499,29.4,74.2,581,460.5,217,214,220.0,222.0,-3.0,-1.0
3501,29.4,74.2,576,456.6,214,211,217.0,220.0,-3.0,0.0
3503,29.4,74.2,572,453.4,211,211,214.0,217.0,-3.0,0.0
3505,29.4,74.2,572,453.4,211,211,211.0,214.0,0.0,3.0
3507,29.4,74.2,571,452.6,211,208,211.0,211.0,0.0,0.0
3509,29.4,74.2,567,449.4,208,208,211.0,211.0,-3.0,-3.0
3511,29.4,74.2,567,449.4,208,206,208.0,211.0,0.0,3.0
3513,29.4,74.2,565,447.8,206,204,208.0,208.0,-2.0,-2.0
3515,29.4,74.1,560,444.2,204,200,206.0,208.0,-2.0,0.0
3517,29.4,74.1,555,440.2,200,200,204.0,206.0,-4.0,-2.0
3519,29.4,74.0,555,440.5,200,200,200.0,204.0,0.0,4.0
3521,29.4,74.0,555,440.5,200,200,200.0,200.0,0.0,0.0
3523,29.4,74.0,554,439.7,200,200,200.0,200.0,0.0,0.0
3525,29.5,74.0,555,439.8,200,201,200.0,200.0,0.0,0.0
3527,29.5,74.0,556,440.6,201,202,200.0,200.0,1.0,1.0
3529,29.5,74.0,558,442.2,202,203,201.0,200.0,1.0,0.0
3531,29.5,74.0,560,443.7,203,203,202.0,201.0,1.0,0.0
3533,29.5,74.0,560,443.7,203,202,203.0,202.0,0.0,-1.0
3535,29.6,74.0,560,443.0,202,202,203.0,203.0,-1.0,-1.0
3537,29.7,74.0,560,442.3,202,200,202.0,203.0,0.0,1.0
3539,29.7,74.0,557,440.0,200,200,202.0,202.0,-2.0,-2.0
3541,29.7,74.0,557,440.0,200,199,200.0,202.0,0.0,2.0
3543,29.7,74.0,556,439.2,199,199,200.0,200.0,-1.0,-1.0
3545,29.6,74.0,554,438.3,199,196,199.0,200.0,0.0,1.0
3547,29.6,74.0,550,435.1,196,199,199.0,199.0,-3.0,-3.0
3549,29.6,74.0,554,438.3,199,201,196.0,199.0,3.0,6.0
3551,29.6,74.0,558,441.5,201,199,199.0,196.0,2.0,-1.0
3553,29.6,74.0,554,438.3,199,199,201.0,199.0,-2.0,-4.0
3555,29.6,73.9,554,438.6,199,197,199.0,201.0,0.0,2.0
3557,29.6,73.9,551,436.2,197,198,199.0,199.0,-2.0,-2.0
3559,29.6,73.9,552,437.0,198,196,197.0,199.0,1.0,3.0
3561,29.7,73.9,550,434.7,196,196,198.0,197.0,-2.0,-3.0
3563,29.7,73.9,550,434.7,196,197,196.0,198.0,0.0,2.0
3565,29.7,73.9,552,436.3,197,196,196.0,196.0,1.0,1.0
3567,29.7,73.9,550,434.7,196,194,197.0,196.0,-1.0,-2.0
3569,29.7,73.9,547,432.3,194,190,196.0,197.0,-2.0,-1.0
3571,29.6,73.9,541,428.3,190,190,194.0,196.0,-4.0,-2.0
3573,29.6,73.9,541,428.3,190,190,190.0,194.0,0.0,4.0
3575,29.7,73.9,541,427.6,190,189,190.0,190.0,0.0,0.0
3577,29.6,73.9,539,426.7,189,191,190.0,190.0,-1.0,-1.0
3579,29.6,73.9,542,429.1,191,191,189.0,190.0,2.0,3.0
3581,29.6,73.9,542,429.1,191,190,191.0,189.0,0.0,-2.0
3583,29.6,73.9,540,427.5,190,188,191.0,191.0,-1.0,-1.0
3585,29.6,73.9,538,425.9,188,186,190.0,191.0,-2.0,-1.0
3587,29.5,73.9,533,422.6,186,185,188.0,190.0,-2.0,0.0
3589,29.6,73.9,533,421.9,185,185,186.0,188.0,-1.0,1.0
3591,29.6,73.9,533,421.9,185,183,185.0,186.0,0.0,1.0
3593,29.5,73.9,529,419.4,183,183,185.0,185.0,-2.0,-2.0
3595,29.5,73.9,529,419.4,183,180,183.0,185.0,0.0,2.0
3597,29.6,73.9,526,416.4,180,180,183.0,183.0,-3.0,-3.0
3599,29.6,73.9,526,416.4,180,180,180.0,183.0,0.0,3.0
